text,label
Please convert the calendar month to the fiscal month.,trans_cm_to_fm
I need to transfer the calendar month to the fiscal month.,trans_cm_to_fm
Could you help me change the calendar month to the fiscal month?,trans_cm_to_fm
Let's switch the calendar month to the fiscal month.,trans_cm_to_fm
It's necessary to transfer the calendar month to the fiscal month.,trans_cm_to_fm
The task at hand is to convert the calendar month to the fiscal month.,trans_cm_to_fm
We should consider transferring the calendar month to the fiscal month.,trans_cm_to_fm
The conversion from the calendar month to the fiscal month is required.,trans_cm_to_fm
I would like to transfer the calendar month to the fiscal month.,trans_cm_to_fm
Can you assist me in changing the calendar month to the fiscal month?,trans_cm_to_fm
Make sure to transfer the calendar month to the fiscal month.,trans_cm_to_fm
The objective is to convert the calendar month to the fiscal month.,trans_cm_to_fm
Let's proceed with the transfer from the calendar month to the fiscal month.,trans_cm_to_fm
We need to change the calendar month to the fiscal month.,trans_cm_to_fm
Please ensure the transfer of the calendar month to the fiscal month.,trans_cm_to_fm
I'm requesting the conversion of the calendar month to the fiscal month.,trans_cm_to_fm
It's important to transfer the calendar month to the fiscal month.,trans_cm_to_fm
The calendar month needs to be transferred to the fiscal month.,trans_cm_to_fm
Consider transferring the calendar month to the fiscal month.,trans_cm_to_fm
I want to change the calendar month to the fiscal month.,trans_cm_to_fm
Let's transfer the calendar month to the fiscal month.,trans_cm_to_fm
We should convert the calendar month to the fiscal month.,trans_cm_to_fm
Make the necessary transfer from the calendar month to the fiscal month.,trans_cm_to_fm
Please execute the conversion from the calendar month to the fiscal month.,trans_cm_to_fm
I require the transfer of the calendar month to the fiscal month.,trans_cm_to_fm
Can you handle the change from the calendar month to the fiscal month?,trans_cm_to_fm
Ensure the transfer of the calendar month to the fiscal month,trans_cm_to_fm
I'm looking to convert the calendar month to the fiscal month.,trans_cm_to_fm
It would be great if you could transfer the calendar month to the fiscal month.,trans_cm_to_fm
Let's proceed by changing the calendar month to the fiscal month.,trans_cm_to_fm
We need to transfer the calendar month to the fiscal month promptly.,trans_cm_to_fm
Please make the conversion from the calendar month to the fiscal month.,trans_cm_to_fm
I would appreciate your help in changing the calendar month to the fiscal month.,trans_cm_to_fm
The task is to transfer the calendar month to the fiscal month accurately.,trans_cm_to_fm
Can you assist with converting the calendar month to the fiscal month?,trans_cm_to_fm
Ensure that the calendar month is transferred to the fiscal month.,trans_cm_to_fm
I want to transfer the calendar month to the fiscal month smoothly.,trans_cm_to_fm
Let's convert the calendar month to the fiscal month effectively.,trans_cm_to_fm
We should change the calendar month to the fiscal month efficiently.,trans_cm_to_fm
Make sure the transfer from the calendar month to the fiscal month is completed.,trans_cm_to_fm
Please initiate the conversion from the calendar month to the fiscal month.,trans_cm_to_fm
I'm requesting the transfer of the calendar month to the fiscal month.,trans_cm_to_fm
It's necessary to change the calendar month to the fiscal month promptly.,trans_cm_to_fm
The calendar month needs to be converted to the fiscal month accurately.,trans_cm_to_fm
Consider transferring the calendar month to the fiscal month securely.,trans_cm_to_fm
I want to convert the calendar month to the fiscal month flawlessly.,trans_cm_to_fm
Let's transfer the calendar month to the fiscal month without errors.,trans_cm_to_fm
We should change the calendar month to the fiscal month precisely.,trans_cm_to_fm
Make sure the transfer from the calendar month to the fiscal month is successful.,trans_cm_to_fm
Please ensure the conversion from the calendar month to the fiscal month.,trans_cm_to_fm
I'm requesting the transfer of the calendar month to the fiscal month promptly.,trans_cm_to_fm
It's important to change the calendar month to the fiscal month accurately.,trans_cm_to_fm
The calendar month needs to be transferred to the fiscal month securely.,trans_cm_to_fm
Can you handle the transfer from the calendar month to the fiscal month?,trans_cm_to_fm
Ensure the conversion of the calendar month to the fiscal month,trans_cm_to_fm
I'm looking to transfer the calendar month to the fiscal month successfully.,trans_cm_to_fm
Let's proceed by converting the calendar month to the fiscal month efficiently.,trans_cm_to_fm
We need to change the calendar month to the fiscal month effectively.,trans_cm_to_fm
Please make the transfer from the calendar month to the fiscal month flawlessly.,trans_cm_to_fm
I require the conversion of the calendar month to the fiscal month smoothly.,trans_cm_to_fm
Can you assist with transferring the calendar month to the fiscal month?,trans_cm_to_fm
Ensure that the calendar month is changed to the fiscal month precisely.,trans_cm_to_fm
I want to transfer the calendar month to the fiscal month accurately.,trans_cm_to_fm
Let's convert the calendar month to the fiscal month without errors.,trans_cm_to_fm
We should change the calendar month to the fiscal month promptly.,trans_cm_to_fm
Make sure the transfer from the calendar month to the fiscal month is flawless.,trans_cm_to_fm
Please initiate the conversion from the calendar month to the fiscal month securely.,trans_cm_to_fm
I'm requesting the transfer of the calendar month to the fiscal month successfully.,trans_cm_to_fm
It's necessary to change the calendar month to the fiscal month efficiently.,trans_cm_to_fm
The calendar month needs to be converted to the fiscal month effectively.,trans_cm_to_fm
Consider transferring the calendar month to the fiscal month precisely.,trans_cm_to_fm
I want to convert the calendar month to the fiscal month flawlessly.,trans_cm_to_fm
Let's transfer the calendar month to the fiscal month without errors.,trans_cm_to_fm
We should change the calendar month to the fiscal month accurately.,trans_cm_to_fm
Make sure the transfer from the calendar month to the fiscal month is successful.,trans_cm_to_fm
Please ensure the conversion from the calendar month to the fiscal month promptly.,trans_cm_to_fm
I'm requesting the transfer of the calendar month to the fiscal month accurately.,trans_cm_to_fm
It's important to change the calendar month to the fiscal month securely.,trans_cm_to_fm
The calendar month needs to be transferred to the fiscal month effectively.,trans_cm_to_fm
Can you handle the transfer from the calendar month to the fiscal month smoothly?,trans_cm_to_fm
Ensure the conversion of the calendar month to the fiscal month,trans_cm_to_fm
I'm looking to transfer the calendar month to the fiscal month flawlessly.,trans_cm_to_fm
Let's proceed by converting the calendar month to the fiscal month without errors.,trans_cm_to_fm
We need to change the calendar month to the fiscal month precisely.,trans_cm_to_fm
Please make the transfer from the calendar month to the fiscal month successfully.,trans_cm_to_fm
I require the conversion of the calendar month to the fiscal month accurately.,trans_cm_to_fm
Can you assist with transferring the calendar month to the fiscal month promptly?,trans_cm_to_fm
Ensure that the calendar month is changed to the fiscal month efficiently.,trans_cm_to_fm
I want to transfer the calendar month to the fiscal month effectively.,trans_cm_to_fm
Let's convert the calendar month to the fiscal month precisely.,trans_cm_to_fm
We should change the calendar month to the fiscal month flawlessly.,trans_cm_to_fm
Make sure the transfer from the calendar month to the fiscal month is without errors.,trans_cm_to_fm
Please initiate the conversion from the calendar month to the fiscal month securely.,trans_cm_to_fm
I'm requesting the transfer of the calendar month to the fiscal month successfully.,trans_cm_to_fm
It's necessary to change the calendar month to the fiscal month accurately.,trans_cm_to_fm
The calendar month needs to be converted to the fiscal month promptly.,trans_cm_to_fm
Consider transferring the calendar month to the fiscal month effectively.,trans_cm_to_fm
I want to convert the calendar month to the fiscal month efficiently.,trans_cm_to_fm
Let's transfer the calendar month to the fiscal month precisely.,trans_cm_to_fm
Please import the CSV file into Snowflake.,load_csv
I need to upload the CSV file to Snowflake.,load_csv
Could you assist me in loading the CSV file to Snowflake?,load_csv
Let's transfer the CSV file to Snowflake.,load_csv
It's necessary to load the CSV file into Snowflake.,load_csv
The task at hand is to import the CSV file to Snowflake.,load_csv
We should consider loading the CSV file to Snowflake.,load_csv
The upload of the CSV file to Snowflake is required.,load_csv
I would like to load the CSV file into Snowflake.,load_csv
Can you help me with loading the CSV file to Snowflake?,load_csv
Make sure to transfer the CSV file to Snowflake.,load_csv
The objective is to import the CSV file to Snowflake.,load_csv
Let's proceed with the upload of the CSV file to Snowflake.,load_csv
We need to load the CSV file into Snowflake.,load_csv
Please ensure the transfer of the CSV file to Snowflake.,load_csv
I'm requesting the import of the CSV file to Snowflake.,load_csv
It's important to load the CSV file into Snowflake.,load_csv
The CSV file needs to be loaded into Snowflake.,load_csv
Consider loading the CSV file to Snowflake.,load_csv
I want to transfer the CSV file to Snowflake.,load_csv
Let's load the CSV file into Snowflake.,load_csv
We should import the CSV file to Snowflake.,load_csv
Make the necessary transfer from the CSV file to Snowflake.,load_csv
Please execute the upload of the CSV file to Snowflake.,load_csv
I require the transfer of the CSV file to Snowflake.,load_csv
Can you handle the loading of the CSV file to Snowflake?,load_csv
"Ensure the transfer of the CSV file to Snowflake, please.",load_csv
I'm looking to import the CSV file to Snowflake.,load_csv
It would be great if you could load the CSV file into Snowflake.,load_csv
Let's proceed by transferring the CSV file to Snowflake.,load_csv
We need to load the CSV file to Snowflake promptly.,load_csv
Please make the import from the CSV file to Snowflake.,load_csv
I would appreciate your help in loading the CSV file to Snowflake.,load_csv
The task is to transfer the CSV file to Snowflake accurately.,load_csv
Can you assist with importing the CSV file to Snowflake?,load_csv
Ensure that the CSV file is loaded into Snowflake.,load_csv
I want to transfer the CSV file to Snowflake smoothly.,load_csv
Let's load the CSV file to Snowflake effectively.,load_csv
We should load the CSV file to Snowflake efficiently.,load_csv
Make sure the transfer from the CSV file to Snowflake is completed.,load_csv
Please initiate the import from the CSV file to Snowflake.,load_csv
I'm requesting the transfer of the CSV file to Snowflake.,load_csv
It's necessary to load the CSV file to Snowflake promptly.,load_csv
The CSV file needs to be loaded into Snowflake accurately.,load_csv
Consider transferring the CSV file to Snowflake securely.,load_csv
I want to load the CSV file to Snowflake flawlessly.,load_csv
Let's transfer the CSV file to Snowflake without errors.,load_csv
We should load the CSV file to Snowflake precisely.,load_csv
Make sure the transfer from the CSV file to Snowflake is successful.,load_csv
Please ensure the import from the CSV file to Snowflake.,load_csv
I'm requesting the transfer of the CSV file to Snowflake accurately.,load_csv
It's important to load the CSV file to Snowflake securely.,load_csv
The CSV file needs to be transferred to Snowflake effectively.,load_csv
Can you handle the transfer from the CSV file to Snowflake smoothly?,load_csv
"Ensure the import of the CSV file to Snowflake, please.",load_csv
I'm looking to transfer the CSV file to Snowflake flawlessly.,load_csv
Let's proceed by loading the CSV file to Snowflake without errors.,load_csv
We need to load the CSV file to Snowflake precisely.,load_csv
Please make the transfer from the CSV file to Snowflake successfully.,load_csv
I require the import of the CSV file to Snowflake accurately.,load_csv
Can you assist with transferring the CSV file to Snowflake promptly?,load_csv
Ensure that the CSV file is loaded into Snowflake efficiently.,load_csv
I want to transfer the CSV file to Snowflake effectively.,load_csv
Let's load the CSV file to Snowflake precisely.,load_csv
We should load the CSV file to Snowflake flawlessly.,load_csv
Make sure the transfer from the CSV file to Snowflake is without errors.,load_csv
Please initiate the import from the CSV file to Snowflake securely.,load_csv
I'm requesting the transfer of the CSV file to Snowflake successfully.,load_csv
It's necessary to load the CSV file to Snowflake accurately.,load_csv
The CSV file needs to be imported to Snowflake promptly.,load_csv
Consider transferring the CSV file to Snowflake effectively.,load_csv
I want to load the CSV file to Snowflake efficiently.,load_csv
Let's transfer the CSV file to Snowflake precisely.,load_csv
We should load the CSV file to Snowflake flawlessly.,load_csv
Make sure the transfer from the CSV file to Snowflake is successful.,load_csv
Please ensure the import from the CSV file to Snowflake promptly.,load_csv
I'm requesting the transfer of the CSV file to Snowflake accurately.,load_csv
It's important to load the CSV file to Snowflake securely.,load_csv
The CSV file needs to be loaded into Snowflake effectively.,load_csv
Can you handle the transfer from the CSV file to Snowflake smoothly?,load_csv
"Ensure the import of the CSV file to Snowflake, please.",load_csv
I'm looking to transfer the CSV file to Snowflake flawlessly.,load_csv
Let's proceed by loading the CSV file to Snowflake without errors.,load_csv
We need to load the CSV file to Snowflake precisely.,load_csv
Please make the transfer from the CSV file to Snowflake successfully.,load_csv
I require the import of the CSV file to Snowflake accurately.,load_csv
Can you assist with transferring the CSV file to Snowflake promptly?,load_csv
Ensure that the CSV file is loaded into Snowflake efficiently.,load_csv
I want to transfer the CSV file to Snowflake effectively.,load_csv
Let's load the CSV file to Snowflake precisely.,load_csv
We should load the CSV file to Snowflake flawlessly.,load_csv
Make sure the transfer from the CSV file to Snowflake is without errors.,load_csv
Please initiate the import from the CSV file to Snowflake securely.,load_csv
I'm requesting the transfer of the CSV file to Snowflake successfully.,load_csv
It's necessary to load the CSV file to Snowflake accurately.,load_csv
The CSV file needs to be imported to Snowflake promptly.,load_csv
Consider transferring the CSV file to Snowflake effectively.,load_csv
I want to load the CSV file to Snowflake efficiently.,load_csv
Let's transfer the CSV file to Snowflake precisely.,load_csv
We should load the CSV file to Snowflake flawlessly.,load_csv
Conduct an audit of usage.,usage_audit
Perform a usage audit.,usage_audit
Analyze usage for auditing purposes.,usage_audit
Carry out an audit on usage.,usage_audit
Review usage for an audit.,usage_audit
Complete a usage audit.,usage_audit
Investigate usage for auditing.,usage_audit
Verify usage through an audit.,usage_audit
Execute a usage audit.,usage_audit
Assess usage for auditing purposes.,usage_audit
Conduct a thorough usage audit.,usage_audit
Scrutinize usage for an audit.,usage_audit
Perform an in-depth usage audit.,usage_audit
Analyze usage data for auditing.,usage_audit
Undertake a comprehensive usage audit.,usage_audit
Review usage patterns for an audit.,usage_audit
Validate usage with an audit.,usage_audit
Conduct a detailed usage audit.,usage_audit
Monitor usage for auditing purposes.,usage_audit
Perform a rigorous usage audit.,usage_audit
Analyze usage metrics for an audit.,usage_audit
Carry out a comprehensive usage audit.,usage_audit
Evaluate usage for auditing purposes.,usage_audit
Execute a comprehensive usage audit.,usage_audit
Assess usage patterns for an audit.,usage_audit
Conduct a thorough audit of usage.,usage_audit
Scrutinize usage data for auditing.,usage_audit
Perform an in-depth usage audit.,usage_audit
Analyze usage for an audit trail.,usage_audit
Undertake a detailed usage audit.,usage_audit
Review usage records for auditing.,usage_audit
Validate usage through an audit.,usage_audit
Conduct an extensive usage audit.,usage_audit
Monitor usage for an audit trail.,usage_audit
Perform a detailed usage audit.,usage_audit
Analyze usage for auditing compliance.,usage_audit
Carry out an extensive usage audit.,usage_audit
Evaluate usage for an audit trail.,usage_audit
Execute a detailed usage audit.,usage_audit
Assess usage against audit standards.,usage_audit
Conduct a comprehensive audit of usage.,usage_audit
Scrutinize usage for auditing compliance.,usage_audit
Perform an in-depth usage audit.,usage_audit
Analyze usage for an audit report.,usage_audit
Undertake a thorough usage audit.,usage_audit
Review usage for auditing compliance.,usage_audit
Validate usage with an audit report.,usage_audit
Conduct a detailed usage audit.,usage_audit
Monitor usage for auditing compliance.,usage_audit
Perform a rigorous usage audit.,usage_audit
Analyze usage metrics for an audit report.,usage_audit
Carry out a comprehensive usage audit.,usage_audit
Evaluate usage for auditing compliance.,usage_audit
Execute a comprehensive usage audit.,usage_audit
Assess usage patterns against audit standards.,usage_audit
Conduct a thorough audit of usage data.,usage_audit
Scrutinize usage data for auditing compliance.,usage_audit
Perform an in-depth usage audit.,usage_audit
Analyze usage for an audit trail review.,usage_audit
Undertake a detailed usage audit.,usage_audit
Review usage records for auditing compliance.,usage_audit
Validate usage through an audit trail review.,usage_audit
Conduct an extensive usage audit.,usage_audit
Monitor usage for an audit trail review.,usage_audit
Perform a detailed usage audit.,usage_audit
Analyze usage for auditing regulatory compliance.,usage_audit
Carry out an extensive usage audit.,usage_audit
Evaluate usage for an audit trail review.,usage_audit
Execute a detailed usage audit.,usage_audit
Assess usage against audit regulations.,usage_audit
Conduct a comprehensive audit of usage data.,usage_audit
Scrutinize usage for auditing regulatory compliance.,usage_audit
Perform an in-depth usage audit.,usage_audit
Analyze usage for an audit report submission.,usage_audit
Undertake a thorough usage audit.,usage_audit
Review usage for auditing regulatory compliance.,usage_audit
Validate usage with an audit report submission.,usage_audit
Conduct a detailed usage audit.,usage_audit
Monitor usage for auditing regulatory compliance.,usage_audit
Perform a rigorous usage audit.,usage_audit
Analyze usage metrics for an audit report submission.,usage_audit
Carry out a comprehensive usage audit.,usage_audit
Evaluate usage for auditing regulatory compliance.,usage_audit
Execute a comprehensive usage audit.,usage_audit
Assess usage patterns against audit regulations.,usage_audit
Conduct a thorough audit of usage data.,usage_audit
Scrutinize usage data for auditing regulatory compliance.,usage_audit
Perform an in-depth usage audit.,usage_audit
Analyze usage for an audit trail examination.,usage_audit
Undertake a detailed usage audit.,usage_audit
Review usage records for auditing regulatory compliance.,usage_audit
Validate usage through an audit trail examination.,usage_audit
Conduct an extensive usage audit.,usage_audit
Monitor usage for an audit trail examination.,usage_audit
Perform a detailed usage audit.,usage_audit
Analyze usage for auditing legal compliance.,usage_audit
Carry out an extensive usage audit.,usage_audit
Evaluate usage for an audit trail examination.,usage_audit
Execute a detailed usage audit.,usage_audit
Assess usage against audit requirements.,usage_audit
